supplier_id,sku,valid_from,valid_to,currency,price_per_uom,min_qty
1,SKU00029,2024-01-01,2024-06-30,EUR,31.42,1
1,SKU00029,2024-07-01,2024-12-29,EUR,30.57,1
1,SKU00029,2024-12-30,2025-06-29,EUR,31.22,50
1,SKU00024,2024-01-01,2024-09-29,EUR,25.12,1
1,SKU00024,2024-09-30,2025-06-29,EUR,27.58,10
1,SKU00017,2024-01-01,2024-06-30,EUR,7.79,10
1,SKU00017,2024-07-01,2024-12-29,EUR,12.22,10
1,SKU00017,2024-12-30,2025-06-29,EUR,7.92,10
1,SKU00036,2024-01-01,2024-06-30,EUR,6.92,1
1,SKU00036,2024-07-01,2024-12-29,EUR,7.26,1
1,SKU00036,2024-12-30,2025-06-29,EUR,7.34,10
1,SKU00018,2024-01-01,2024-06-30,EUR,9.27,1
1,SKU00018,2024-07-01,2024-12-29,EUR,10.2,1
1,SKU00018,2024-12-30,2025-06-29,USD,10.44,50
1,SKU00002,2024-01-01,2024-06-30,EUR,19.57,10
1,SKU00002,2024-07-01,2024-12-29,EUR,20.57,1
1,SKU00002,2024-12-30,2025-06-29,USD,21.81,50
1,SKU00014,2024-01-01,2024-09-29,EUR,23.43,1
1,SKU00014,2024-09-30,2025-06-29,USD,26.29,50
1,SKU00031,2024-01-01,2024-09-29,EUR,12.53,1
1,SKU00031,2024-09-30,2025-06-29,USD,26.18,10
1,SKU00019,2024-01-01,2024-06-30,EUR,18.93,10
1,SKU00019,2024-07-01,2024-12-29,EUR,19.3,1
1,SKU00019,2024-12-30,2025-06-29,EUR,21.1,1
1,SKU00004,2024-01-01,2024-06-30,EUR,11.74,1
1,SKU00004,2024-07-01,2024-12-29,EUR,12.02,10
1,SKU00004,2024-12-30,2025-06-29,EUR,12.15,1
1,SKU00021,2024-01-01,2024-09-29,EUR,21.18,1
1,SKU00021,2024-09-30,2025-06-29,EUR,14.34,50
1,SKU00016,2024-01-01,2024-06-30,EUR,10.93,1
1,SKU00016,2024-07-01,2024-12-29,EUR,6.93,1
1,SKU00016,2024-12-30,2025-06-29,EUR,7.17,1
1,SKU00023,2024-01-01,2024-06-30,EUR,7.1,50
1,SKU00023,2024-07-01,2024-12-29,USD,8.14,1
1,SKU00023,2024-12-30,2025-06-29,USD,7.55,1
1,SKU00037,2024-01-01,2024-09-29,USD,15.26,50
1,SKU00037,2024-09-30,2025-06-29,EUR,13.37,50
1,SKU00015,2024-01-01,2024-06-30,EUR,8.82,1
1,SKU00015,2024-07-01,2024-12-29,EUR,9.56,1
1,SKU00015,2024-12-30,2025-06-29,EUR,8.96,100
2,SKU00005,2024-01-01,2024-06-30,EUR,10.78,1
2,SKU00005,2024-07-01,2024-12-29,USD,5.84,1
2,SKU00005,2024-12-30,2025-06-29,EUR,11.03,10
2,SKU00031,2024-01-01,2024-09-29,EUR,11.84,1
2,SKU00031,2024-09-30,2025-06-29,EUR,11.88,1
2,SKU00019,2024-01-01,2024-09-29,EUR,20.18,100
2,SKU00019,2024-09-30,2025-06-29,EUR,20.34,10
2,SKU00032,2024-01-01,2024-06-30,EUR,14.1,1
2,SKU00032,2024-07-01,2024-12-29,USD,15.28,10
2,SKU00032,2024-12-30,2025-06-29,EUR,15.3,1
2,SKU00021,2024-01-01,2024-09-29,EUR,12.96,1
2,SKU00021,2024-09-30,2025-06-29,EUR,22.37,1
2,SKU00036,2024-01-01,2024-09-29,EUR,7.37,1
2,SKU00036,2024-09-30,2025-06-29,EUR,11.63,1
2,SKU00006,2024-01-01,2024-06-30,EUR,23.56,1
2,SKU00006,2024-07-01,2024-12-29,EUR,23.44,1
2,SKU00006,2024-12-30,2025-06-29,EUR,25.74,1
2,SKU00034,2024-01-01,2024-09-29,EUR,24.05,1
2,SKU00034,2024-09-30,2025-06-29,EUR,24.73,1
2,SKU00022,2024-01-01,2024-09-29,EUR,11.02,1
2,SKU00022,2024-09-30,2025-06-29,EUR,10.97,1
2,SKU00011,2024-01-01,2024-06-30,EUR,61.82,1
2,SKU00011,2024-07-01,2024-12-29,EUR,58.27,1
2,SKU00011,2024-12-30,2025-06-29,USD,68.24,1
3,SKU00022,2024-01-01,2024-09-29,USD,12.17,100
3,SKU00022,2024-09-30,2025-06-29,EUR,17.62,10
3,SKU00006,2024-01-01,2024-09-29,USD,25.64,50
3,SKU00006,2024-09-30,2025-06-29,EUR,24.2,10
3,SKU00027,2024-01-01,2024-06-30,USD,9.27,1
3,SKU00027,2024-07-01,2024-12-29,EUR,9.33,50
3,SKU00027,2024-12-30,2025-06-29,EUR,18.22,50
3,SKU00021,2024-01-01,2024-06-30,EUR,12.87,100
3,SKU00021,2024-07-01,2024-12-29,EUR,14.31,10
3,SKU00021,2024-12-30,2025-06-29,EUR,13.88,1
3,SKU00026,2024-01-01,2024-09-29,EUR,9.66,10
3,SKU00026,2024-09-30,2025-06-29,EUR,9.97,1
3,SKU00016,2024-01-01,2024-09-29,EUR,6.44,1
3,SKU00016,2024-09-30,2025-06-29,EUR,7.14,1
3,SKU00028,2024-01-01,2024-09-29,EUR,13.82,10
3,SKU00028,2024-09-30,2025-06-29,EUR,14.03,10
3,SKU00034,2024-01-01,2024-09-29,USD,26.15,10
3,SKU00034,2024-09-30,2025-06-29,EUR,24.49,100
3,SKU00015,2024-01-01,2024-09-29,EUR,8.87,10
3,SKU00015,2024-09-30,2025-06-29,USD,10.43,10
3,SKU00020,2024-01-01,2024-06-30,EUR,22.9,10
3,SKU00020,2024-07-01,2024-12-29,EUR,47.58,50
3,SKU00020,2024-12-30,2025-06-29,EUR,23.18,1
3,SKU00030,2024-01-01,2024-09-29,EUR,17.56,1
3,SKU00030,2024-09-30,2025-06-29,EUR,17.29,10
3,SKU00023,2024-01-01,2024-09-29,USD,7.69,1
3,SKU00023,2024-09-30,2025-06-29,USD,7.62,1
3,SKU00005,2024-01-01,2024-09-29,EUR,11.53,100
3,SKU00005,2024-09-30,2025-06-29,USD,11.69,1
3,SKU00024,2024-01-01,2024-06-30,EUR,27.06,1
3,SKU00024,2024-07-01,2024-12-29,EUR,27.54,10
3,SKU00024,2024-12-30,2025-06-29,EUR,27.35,10
3,SKU00004,2024-01-01,2024-09-29,USD,12.64,1
3,SKU00004,2024-09-30,2025-06-29,USD,12.51,50
3,SKU00007,2024-01-01,2024-06-30,EUR,8.89,1
3,SKU00007,2024-07-01,2024-12-29,EUR,8.82,1
3,SKU00007,2024-12-30,2025-06-29,EUR,9.36,100
3,SKU00009,2024-01-01,2024-06-30,EUR,13.92,1
3,SKU00009,2024-07-01,2024-12-29,USD,14.47,10
3,SKU00009,2024-12-30,2025-06-29,USD,14.54,10
3,SKU00025,2024-01-01,2024-09-29,EUR,28.05,10
3,SKU00025,2024-09-30,2025-06-29,USD,29.6,50
3,SKU00031,2024-01-01,2024-09-29,EUR,11.64,1
3,SKU00031,2024-09-30,2025-06-29,USD,13.97,1
3,SKU00032,2024-01-01,2024-06-30,EUR,14.57,100
3,SKU00032,2024-07-01,2024-12-29,USD,16.59,1
3,SKU00032,2024-12-30,2025-06-29,EUR,14.88,1
3,SKU00017,2024-01-01,2024-06-30,USD,8.57,100
3,SKU00017,2024-07-01,2024-12-29,EUR,8.13,10
3,SKU00017,2024-12-30,2025-06-29,USD,8.99,1
3,SKU00040,2024-01-01,2024-06-30,EUR,26.42,100
3,SKU00040,2024-07-01,2024-12-29,EUR,27.37,10
3,SKU00040,2024-12-30,2025-06-29,EUR,27.94,1
3,SKU00018,2024-01-01,2024-06-30,EUR,9.74,10
3,SKU00018,2024-07-01,2024-12-29,USD,10.67,1
3,SKU00018,2024-12-30,2025-06-29,USD,10.93,1
3,SKU00019,2024-01-01,2024-06-30,EUR,19.18,10
3,SKU00019,2024-07-01,2024-12-29,EUR,20.55,1
3,SKU00019,2024-12-30,2025-06-29,EUR,19.95,1
3,SKU00002,2024-01-01,2024-09-29,EUR,20.24,1
3,SKU00002,2024-09-30,2025-06-29,EUR,21.29,1
4,SKU00022,2024-01-01,2024-09-29,EUR,11.07,1
4,SKU00022,2024-09-30,2025-06-29,EUR,10.6,1
4,SKU00038,2024-01-01,2024-09-29,EUR,11.63,1
4,SKU00038,2024-09-30,2025-06-29,EUR,12.21,1
4,SKU00025,2024-01-01,2024-06-30,EUR,42.96,1
4,SKU00025,2024-07-01,2024-12-29,EUR,28.2,1
4,SKU00025,2024-12-30,2025-06-29,USD,31.56,1
4,SKU00012,2024-01-01,2024-09-29,USD,28.81,10
4,SKU00012,2024-09-30,2025-06-29,EUR,26.7,1
4,SKU00039,2024-01-01,2024-09-29,EUR,19.09,1
4,SKU00039,2024-09-30,2025-06-29,EUR,19.43,1
4,SKU00001,2024-01-01,2024-09-29,EUR,10.59,50
4,SKU00001,2024-09-30,2025-06-29,EUR,11.09,1
4,SKU00014,2024-01-01,2024-09-29,EUR,23.0,1
4,SKU00014,2024-09-30,2025-06-29,EUR,23.04,1
4,SKU00034,2024-01-01,2024-09-29,EUR,24.61,1
4,SKU00034,2024-09-30,2025-06-29,USD,26.8,1
4,SKU00008,2024-01-01,2024-09-29,EUR,13.97,1
4,SKU00008,2024-09-30,2025-06-29,EUR,13.42,1
4,SKU00023,2024-01-01,2024-09-29,EUR,7.17,1
4,SKU00023,2024-09-30,2025-06-29,EUR,6.99,10
4,SKU00035,2024-01-01,2024-09-29,EUR,11.47,100
4,SKU00035,2024-09-30,2025-06-29,EUR,11.74,1
4,SKU00027,2024-01-01,2024-09-29,EUR,8.55,1
4,SKU00027,2024-09-30,2025-06-29,EUR,8.75,1
4,SKU00007,2024-01-01,2024-06-30,EUR,9.28,1
4,SKU00007,2024-07-01,2024-12-29,USD,9.84,1
4,SKU00007,2024-12-30,2025-06-29,USD,10.02,50
4,SKU00009,2024-01-01,2024-09-29,EUR,13.69,1
4,SKU00009,2024-09-30,2025-06-29,USD,15.0,1
4,SKU00003,2024-01-01,2024-09-29,EUR,15.93,10
4,SKU00003,2024-09-30,2025-06-29,EUR,7.82,1
4,SKU00018,2024-01-01,2024-06-30,EUR,9.59,1
4,SKU00018,2024-07-01,2024-12-29,EUR,9.88,1
4,SKU00018,2024-12-30,2025-06-29,EUR,9.62,1
4,SKU00016,2024-01-01,2024-06-30,EUR,6.44,1
4,SKU00016,2024-07-01,2024-12-29,USD,7.17,1
4,SKU00016,2024-12-30,2025-06-29,EUR,7.23,10
5,SKU00025,2024-01-01,2024-09-29,EUR,26.13,50
5,SKU00025,2024-09-30,2025-06-29,EUR,26.87,10
5,SKU00010,2024-01-01,2024-06-30,EUR,17.99,50
5,SKU00010,2024-07-01,2024-12-29,EUR,18.67,1
5,SKU00010,2024-12-30,2025-06-29,EUR,18.95,1
5,SKU00007,2024-01-01,2024-09-29,EUR,8.96,1
5,SKU00007,2024-09-30,2025-06-29,EUR,9.15,1
5,SKU00032,2024-01-01,2024-06-30,EUR,14.76,1
5,SKU00032,2024-07-01,2024-12-29,EUR,30.56,10
5,SKU00032,2024-12-30,2025-06-29,USD,16.48,10
5,SKU00027,2024-01-01,2024-06-30,EUR,9.04,1
5,SKU00027,2024-07-01,2024-12-29,EUR,8.77,1
5,SKU00027,2024-12-30,2025-06-29,EUR,9.45,1
5,SKU00026,2024-01-01,2024-09-29,EUR,9.38,10
5,SKU00026,2024-09-30,2025-06-29,EUR,9.69,1
5,SKU00004,2024-01-01,2024-09-29,EUR,11.4,1
5,SKU00004,2024-09-30,2025-06-29,EUR,11.85,10
5,SKU00037,2024-01-01,2024-09-29,USD,14.73,100
5,SKU00037,2024-09-30,2025-06-29,EUR,13.43,1
5,SKU00033,2024-01-01,2024-06-30,EUR,7.16,50
5,SKU00033,2024-07-01,2024-12-29,EUR,7.2,1
5,SKU00033,2024-12-30,2025-06-29,EUR,7.78,1
5,SKU00022,2024-01-01,2024-06-30,EUR,11.35,1
5,SKU00022,2024-07-01,2024-12-29,EUR,11.28,1
5,SKU00022,2024-12-30,2025-06-29,EUR,10.84,1
5,SKU00023,2024-01-01,2024-06-30,USD,7.89,1
5,SKU00023,2024-07-01,2024-12-29,EUR,6.95,1
5,SKU00023,2024-12-30,2025-06-29,EUR,7.53,1
5,SKU00016,2024-01-01,2024-06-30,EUR,6.56,1
5,SKU00016,2024-07-01,2024-12-29,EUR,7.04,10
5,SKU00016,2024-12-30,2025-06-29,EUR,7.08,1
5,SKU00013,2024-01-01,2024-06-30,USD,18.75,1
5,SKU00013,2024-07-01,2024-12-29,USD,18.42,1
5,SKU00013,2024-12-30,2025-06-29,USD,17.94,1
5,SKU00020,2024-01-01,2024-09-29,EUR,23.37,1
5,SKU00020,2024-09-30,2025-06-29,EUR,23.21,1
5,SKU00006,2024-01-01,2024-09-29,EUR,23.23,1
5,SKU00006,2024-09-30,2025-06-29,EUR,25.54,1
5,SKU00008,2024-01-01,2024-09-29,EUR,14.21,1
5,SKU00008,2024-09-30,2025-06-29,EUR,13.71,1
6,SKU00009,2024-01-01,2024-06-30,EUR,6.46,1
6,SKU00009,2024-07-01,2024-12-29,EUR,13.0,1
6,SKU00009,2024-12-30,2025-06-29,EUR,14.01,1
6,SKU00023,2024-01-01,2024-09-29,EUR,6.82,50
6,SKU00023,2024-09-30,2025-06-29,EUR,7.38,10
6,SKU00013,2024-01-01,2024-09-29,EUR,16.11,50
6,SKU00013,2024-09-30,2025-06-29,EUR,16.11,1
6,SKU00025,2024-01-01,2024-09-29,EUR,25.57,1
6,SKU00025,2024-09-30,2025-06-29,USD,47.38,10
6,SKU00011,2024-01-01,2024-09-29,EUR,58.75,1
6,SKU00011,2024-09-30,2025-06-29,EUR,61.43,10
6,SKU00005,2024-01-01,2024-06-30,EUR,10.92,1
6,SKU00005,2024-07-01,2024-12-29,USD,12.0,10
6,SKU00005,2024-12-30,2025-06-29,USD,19.26,1
6,SKU00012,2024-01-01,2024-09-29,EUR,28.1,1
6,SKU00012,2024-09-30,2025-06-29,EUR,26.25,1
6,SKU00020,2024-01-01,2024-06-30,EUR,23.5,1
6,SKU00020,2024-07-01,2024-12-29,USD,26.65,1
6,SKU00020,2024-12-30,2025-06-29,EUR,23.33,1
6,SKU00035,2024-01-01,2024-09-29,EUR,11.86,1
6,SKU00035,2024-09-30,2025-06-29,EUR,11.36,10
6,SKU00024,2024-01-01,2024-06-30,EUR,42.62,1
6,SKU00024,2024-07-01,2024-12-29,USD,44.21,50
6,SKU00024,2024-12-30,2025-06-29,EUR,27.08,10
6,SKU00021,2024-01-01,2024-06-30,USD,14.15,1
6,SKU00021,2024-07-01,2024-12-29,EUR,13.53,1
6,SKU00021,2024-12-30,2025-06-29,EUR,26.98,1
6,SKU00026,2024-01-01,2024-09-29,EUR,9.6,1
6,SKU00026,2024-09-30,2025-06-29,EUR,9.49,10
6,SKU00034,2024-01-01,2024-09-29,EUR,24.55,1
6,SKU00034,2024-09-30,2025-06-29,USD,28.32,10
6,SKU00028,2024-01-01,2024-06-30,EUR,13.92,1
6,SKU00028,2024-07-01,2024-12-29,EUR,14.76,1
6,SKU00028,2024-12-30,2025-06-29,EUR,15.05,10
6,SKU00010,2024-01-01,2024-09-29,EUR,17.37,10
6,SKU00010,2024-09-30,2025-06-29,EUR,18.43,1
6,SKU00003,2024-01-01,2024-09-29,USD,16.81,10
6,SKU00003,2024-09-30,2025-06-29,EUR,16.45,1
6,SKU00007,2024-01-01,2024-09-29,EUR,8.81,50
6,SKU00007,2024-09-30,2025-06-29,USD,9.57,1
6,SKU00008,2024-01-01,2024-09-29,EUR,13.29,50
6,SKU00008,2024-09-30,2025-06-29,USD,15.61,10
6,SKU00031,2024-01-01,2024-09-29,USD,13.54,1
6,SKU00031,2024-09-30,2025-06-29,EUR,12.42,100
6,SKU00004,2024-01-01,2024-09-29,EUR,12.01,10
6,SKU00004,2024-09-30,2025-06-29,EUR,12.23,1
6,SKU00036,2024-01-01,2024-06-30,EUR,7.34,10
6,SKU00036,2024-07-01,2024-12-29,USD,7.68,100
6,SKU00036,2024-12-30,2025-06-29,EUR,7.66,50
6,SKU00006,2024-01-01,2024-06-30,EUR,24.72,10
6,SKU00006,2024-07-01,2024-12-29,EUR,11.62,1
6,SKU00006,2024-12-30,2025-06-29,EUR,23.91,10
7,SKU00034,2024-01-01,2024-09-29,EUR,24.86,1
7,SKU00034,2024-09-30,2025-06-29,EUR,24.57,1
7,SKU00017,2024-01-01,2024-06-30,EUR,7.44,1
7,SKU00017,2024-07-01,2024-12-29,USD,4.01,1
7,SKU00017,2024-12-30,2025-06-29,EUR,7.8,1
7,SKU00006,2024-01-01,2024-09-29,EUR,24.98,1
7,SKU00006,2024-09-30,2025-06-29,USD,26.35,50
7,SKU00035,2024-01-01,2024-09-29,EUR,18.16,1
7,SKU00035,2024-09-30,2025-06-29,EUR,12.19,50
7,SKU00021,2024-01-01,2024-06-30,EUR,13.62,1
7,SKU00021,2024-07-01,2024-12-29,EUR,13.32,1
7,SKU00021,2024-12-30,2025-06-29,EUR,13.52,1
7,SKU00039,2024-01-01,2024-09-29,USD,19.92,50
7,SKU00039,2024-09-30,2025-06-29,USD,22.17,1
7,SKU00037,2024-01-01,2024-06-30,EUR,13.24,10
7,SKU00037,2024-07-01,2024-12-29,USD,14.36,1
7,SKU00037,2024-12-30,2025-06-29,EUR,13.53,1
7,SKU00019,2024-01-01,2024-06-30,EUR,20.07,50
7,SKU00019,2024-07-01,2024-12-29,EUR,19.83,50
7,SKU00019,2024-12-30,2025-06-29,USD,23.6,10
7,SKU00008,2024-01-01,2024-06-30,EUR,13.93,1
7,SKU00008,2024-07-01,2024-12-29,EUR,13.87,1
7,SKU00008,2024-12-30,2025-06-29,EUR,14.59,1
7,SKU00009,2024-01-01,2024-06-30,EUR,12.9,1
7,SKU00009,2024-07-01,2024-12-29,EUR,14.01,1
7,SKU00009,2024-12-30,2025-06-29,USD,15.18,1
7,SKU00005,2024-01-01,2024-06-30,EUR,11.22,1
7,SKU00005,2024-07-01,2024-12-29,EUR,11.67,10
7,SKU00005,2024-12-30,2025-06-29,USD,12.93,10
7,SKU00030,2024-01-01,2024-06-30,EUR,29.14,10
7,SKU00030,2024-07-01,2024-12-29,EUR,18.19,1
7,SKU00030,2024-12-30,2025-06-29,USD,20.73,1
7,SKU00036,2024-01-01,2024-09-29,EUR,7.28,1
7,SKU00036,2024-09-30,2025-06-29,EUR,7.37,10
7,SKU00014,2024-01-01,2024-09-29,EUR,23.89,1
7,SKU00014,2024-09-30,2025-06-29,EUR,23.08,100
7,SKU00007,2024-01-01,2024-06-30,EUR,9.05,10
7,SKU00007,2024-07-01,2024-12-29,EUR,9.15,1
7,SKU00007,2024-12-30,2025-06-29,EUR,9.53,100
7,SKU00011,2024-01-01,2024-09-29,EUR,58.75,50
7,SKU00011,2024-09-30,2025-06-29,USD,63.73,10
7,SKU00024,2024-01-01,2024-09-29,EUR,24.68,10
7,SKU00024,2024-09-30,2025-06-29,EUR,25.17,1
7,SKU00031,2024-01-01,2024-09-29,EUR,12.34,50
7,SKU00031,2024-09-30,2025-06-29,USD,14.19,10
7,SKU00020,2024-01-01,2024-06-30,EUR,22.33,1
7,SKU00020,2024-07-01,2024-12-29,EUR,22.52,1
7,SKU00020,2024-12-30,2025-06-29,EUR,24.77,1
7,SKU00028,2024-01-01,2024-09-29,USD,15.27,1
7,SKU00028,2024-09-30,2025-06-29,EUR,14.55,10
7,SKU00033,2024-01-01,2024-09-29,EUR,11.94,1
7,SKU00033,2024-09-30,2025-06-29,EUR,7.6,1
7,SKU00027,2024-01-01,2024-06-30,EUR,9.26,1
7,SKU00027,2024-07-01,2024-12-29,EUR,9.44,10
7,SKU00027,2024-12-30,2025-06-29,EUR,9.12,100
7,SKU00003,2024-01-01,2024-09-29,USD,17.09,1
7,SKU00003,2024-09-30,2025-06-29,EUR,15.67,10
7,SKU00038,2024-01-01,2024-09-29,USD,12.93,1
7,SKU00038,2024-09-30,2025-06-29,EUR,12.83,50
7,SKU00002,2024-01-01,2024-09-29,EUR,20.61,10
7,SKU00002,2024-09-30,2025-06-29,EUR,21.0,1
8,SKU00033,2024-01-01,2024-09-29,EUR,7.06,1
8,SKU00033,2024-09-30,2025-06-29,EUR,7.11,1
8,SKU00037,2024-01-01,2024-09-29,EUR,6.58,50
8,SKU00037,2024-09-30,2025-06-29,EUR,26.12,50
8,SKU00034,2024-01-01,2024-09-29,USD,26.18,1
8,SKU00034,2024-09-30,2025-06-29,USD,27.37,1
8,SKU00031,2024-01-01,2024-06-30,USD,13.54,1
8,SKU00031,2024-07-01,2024-12-29,USD,13.78,1
8,SKU00031,2024-12-30,2025-06-29,EUR,13.18,10
8,SKU00039,2024-01-01,2024-09-29,EUR,19.34,50
8,SKU00039,2024-09-30,2025-06-29,EUR,20.37,10
8,SKU00010,2024-01-01,2024-09-29,EUR,18.28,10
8,SKU00010,2024-09-30,2025-06-29,EUR,18.54,10
8,SKU00018,2024-01-01,2024-09-29,EUR,9.56,1
8,SKU00018,2024-09-30,2025-06-29,EUR,9.71,1
8,SKU00028,2024-01-01,2024-09-29,EUR,14.55,10
8,SKU00028,2024-09-30,2025-06-29,EUR,14.37,10
8,SKU00036,2024-01-01,2024-06-30,EUR,7.31,1
8,SKU00036,2024-07-01,2024-12-29,EUR,11.12,10
8,SKU00036,2024-12-30,2025-06-29,EUR,7.21,1
8,SKU00027,2024-01-01,2024-06-30,EUR,8.49,1
8,SKU00027,2024-07-01,2024-12-29,EUR,8.96,10
8,SKU00027,2024-12-30,2025-06-29,USD,9.72,1
8,SKU00026,2024-01-01,2024-06-30,EUR,9.83,10
8,SKU00026,2024-07-01,2024-12-29,EUR,9.95,1
8,SKU00026,2024-12-30,2025-06-29,EUR,9.89,1
8,SKU00032,2024-01-01,2024-09-29,EUR,14.28,1
8,SKU00032,2024-09-30,2025-06-29,EUR,15.15,100
8,SKU00029,2024-01-01,2024-06-30,EUR,61.5,1
8,SKU00029,2024-07-01,2024-12-29,USD,34.82,1
8,SKU00029,2024-12-30,2025-06-29,EUR,33.59,10
8,SKU00005,2024-01-01,2024-09-29,EUR,11.17,1
8,SKU00005,2024-09-30,2025-06-29,EUR,11.14,1
8,SKU00019,2024-01-01,2024-06-30,EUR,19.11,1
8,SKU00019,2024-07-01,2024-12-29,EUR,20.47,1
8,SKU00019,2024-12-30,2025-06-29,EUR,21.02,1
9,SKU00002,2024-01-01,2024-09-29,EUR,20.18,1
9,SKU00002,2024-09-30,2025-06-29,EUR,21.46,1
9,SKU00007,2024-01-01,2024-06-30,EUR,8.53,1
9,SKU00007,2024-07-01,2024-12-29,EUR,8.82,1
9,SKU00007,2024-12-30,2025-06-29,EUR,9.37,1
9,SKU00034,2024-01-01,2024-06-30,EUR,25.01,1
9,SKU00034,2024-07-01,2024-12-29,USD,27.37,1
9,SKU00034,2024-12-30,2025-06-29,EUR,25.42,1
9,SKU00021,2024-01-01,2024-06-30,EUR,13.46,1
9,SKU00021,2024-07-01,2024-12-29,USD,14.39,10
9,SKU00021,2024-12-30,2025-06-29,EUR,13.49,10
9,SKU00015,2024-01-01,2024-09-29,EUR,8.67,100
9,SKU00015,2024-09-30,2025-06-29,EUR,8.94,100
9,SKU00017,2024-01-01,2024-09-29,EUR,7.49,1
9,SKU00017,2024-09-30,2025-06-29,USD,8.72,10
9,SKU00013,2024-01-01,2024-06-30,EUR,15.96,50
9,SKU00013,2024-07-01,2024-12-29,USD,18.64,10
9,SKU00013,2024-12-30,2025-06-29,EUR,17.55,1
9,SKU00029,2024-01-01,2024-09-29,EUR,30.36,1
9,SKU00029,2024-09-30,2025-06-29,USD,36.22,10
9,SKU00026,2024-01-01,2024-09-29,EUR,9.11,1
9,SKU00026,2024-09-30,2025-06-29,EUR,9.84,50
9,SKU00030,2024-01-01,2024-09-29,USD,19.09,50
9,SKU00030,2024-09-30,2025-06-29,USD,19.23,1
9,SKU00019,2024-01-01,2024-06-30,EUR,19.51,1
9,SKU00019,2024-07-01,2024-12-29,EUR,20.57,1
9,SKU00019,2024-12-30,2025-06-29,EUR,20.46,1
9,SKU00028,2024-01-01,2024-09-29,EUR,14.4,1
9,SKU00028,2024-09-30,2025-06-29,EUR,14.74,10
9,SKU00018,2024-01-01,2024-06-30,EUR,9.83,1
9,SKU00018,2024-07-01,2024-12-29,USD,11.13,50
9,SKU00018,2024-12-30,2025-06-29,EUR,10.28,1
9,SKU00004,2024-01-01,2024-09-29,EUR,11.53,1
9,SKU00004,2024-09-30,2025-06-29,EUR,11.61,10
9,SKU00006,2024-01-01,2024-09-29,EUR,24.42,10
9,SKU00006,2024-09-30,2025-06-29,USD,26.39,1
9,SKU00024,2024-01-01,2024-06-30,EUR,43.14,1
9,SKU00024,2024-07-01,2024-12-29,EUR,40.82,1
9,SKU00024,2024-12-30,2025-06-29,EUR,25.93,1
9,SKU00040,2024-01-01,2024-06-30,USD,29.43,1
9,SKU00040,2024-07-01,2024-12-29,EUR,27.3,10
9,SKU00040,2024-12-30,2025-06-29,USD,29.8,10
9,SKU00025,2024-01-01,2024-09-29,EUR,26.9,50
9,SKU00025,2024-09-30,2025-06-29,EUR,28.2,1
9,SKU00033,2024-01-01,2024-06-30,EUR,7.53,50
9,SKU00033,2024-07-01,2024-12-29,EUR,7.41,10
9,SKU00033,2024-12-30,2025-06-29,EUR,15.04,1
9,SKU00008,2024-01-01,2024-06-30,EUR,13.04,1
9,SKU00008,2024-07-01,2024-12-29,EUR,14.13,10
9,SKU00008,2024-12-30,2025-06-29,EUR,13.8,50
9,SKU00020,2024-01-01,2024-09-29,EUR,23.82,1
9,SKU00020,2024-09-30,2025-06-29,EUR,23.19,50
9,SKU00038,2024-01-01,2024-06-30,USD,13.33,10
9,SKU00038,2024-07-01,2024-12-29,EUR,11.83,1
9,SKU00038,2024-12-30,2025-06-29,USD,26.54,1
10,SKU00012,2024-01-01,2024-09-29,EUR,27.29,1
10,SKU00012,2024-09-30,2025-06-29,EUR,27.14,1
10,SKU00034,2024-01-01,2024-06-30,EUR,25.89,1
10,SKU00034,2024-07-01,2024-12-29,EUR,25.92,1
10,SKU00034,2024-12-30,2025-06-29,EUR,26.53,1
10,SKU00036,2024-01-01,2024-09-29,EUR,6.83,1
10,SKU00036,2024-09-30,2025-06-29,USD,7.73,1
10,SKU00016,2024-01-01,2024-09-29,EUR,6.63,1
10,SKU00016,2024-09-30,2025-06-29,EUR,7.19,10
10,SKU00020,2024-01-01,2024-09-29,EUR,22.43,1
10,SKU00020,2024-09-30,2025-06-29,EUR,39.06,1
10,SKU00005,2024-01-01,2024-06-30,EUR,11.55,1
10,SKU00005,2024-07-01,2024-12-29,USD,11.79,1
10,SKU00005,2024-12-30,2025-06-29,EUR,11.73,1
10,SKU00027,2024-01-01,2024-06-30,EUR,9.01,1
10,SKU00027,2024-07-01,2024-12-29,USD,10.13,10
10,SKU00027,2024-12-30,2025-06-29,EUR,9.22,1
10,SKU00024,2024-01-01,2024-09-29,EUR,24.8,1
10,SKU00024,2024-09-30,2025-06-29,EUR,12.99,1
10,SKU00006,2024-01-01,2024-06-30,USD,26.08,1
10,SKU00006,2024-07-01,2024-12-29,USD,27.75,1
10,SKU00006,2024-12-30,2025-06-29,EUR,25.57,1
10,SKU00004,2024-01-01,2024-09-29,EUR,22.74,1
10,SKU00004,2024-09-30,2025-06-29,EUR,11.78,10
10,SKU00019,2024-01-01,2024-06-30,EUR,19.97,1
10,SKU00019,2024-07-01,2024-12-29,USD,21.5,1
10,SKU00019,2024-12-30,2025-06-29,EUR,19.72,1
10,SKU00008,2024-01-01,2024-06-30,EUR,14.35,50
10,SKU00008,2024-07-01,2024-12-29,EUR,14.1,1
10,SKU00008,2024-12-30,2025-06-29,EUR,14.42,50
10,SKU00039,2024-01-01,2024-06-30,EUR,19.75,100
10,SKU00039,2024-07-01,2024-12-29,EUR,10.07,1
10,SKU00039,2024-12-30,2025-06-29,EUR,19.84,1
11,SKU00035,2024-01-01,2024-09-29,EUR,11.75,1
11,SKU00035,2024-09-30,2025-06-29,EUR,11.76,1
11,SKU00022,2024-01-01,2024-06-30,USD,11.43,1
11,SKU00022,2024-07-01,2024-12-29,EUR,10.77,1
11,SKU00022,2024-12-30,2025-06-29,EUR,11.7,10
11,SKU00033,2024-01-01,2024-06-30,EUR,6.96,1
11,SKU00033,2024-07-01,2024-12-29,EUR,11.38,10
11,SKU00033,2024-12-30,2025-06-29,EUR,7.34,1
11,SKU00038,2024-01-01,2024-09-29,EUR,11.43,100
11,SKU00038,2024-09-30,2025-06-29,USD,13.77,1
11,SKU00008,2024-01-01,2024-09-29,EUR,13.18,1
11,SKU00008,2024-09-30,2025-06-29,EUR,14.48,1
11,SKU00001,2024-01-01,2024-06-30,EUR,10.48,10
11,SKU00001,2024-07-01,2024-12-29,EUR,11.05,1
11,SKU00001,2024-12-30,2025-06-29,EUR,11.25,50
11,SKU00004,2024-01-01,2024-09-29,EUR,12.02,1
11,SKU00004,2024-09-30,2025-06-29,EUR,11.95,1
11,SKU00017,2024-01-01,2024-06-30,EUR,7.85,50
11,SKU00017,2024-07-01,2024-12-29,EUR,7.71,10
11,SKU00017,2024-12-30,2025-06-29,EUR,8.21,10
11,SKU00040,2024-01-01,2024-09-29,EUR,25.4,1
11,SKU00040,2024-09-30,2025-06-29,EUR,27.72,10
11,SKU00036,2024-01-01,2024-06-30,EUR,6.73,10
11,SKU00036,2024-07-01,2024-12-29,EUR,6.88,1
11,SKU00036,2024-12-30,2025-06-29,EUR,7.67,1
11,SKU00026,2024-01-01,2024-06-30,EUR,9.31,10
11,SKU00026,2024-07-01,2024-12-29,EUR,9.85,1
11,SKU00026,2024-12-30,2025-06-29,EUR,9.48,10
12,SKU00024,2024-01-01,2024-09-29,EUR,25.63,50
12,SKU00024,2024-09-30,2025-06-29,EUR,25.62,1
12,SKU00007,2024-01-01,2024-09-29,EUR,9.28,1
12,SKU00007,2024-09-30,2025-06-29,USD,10.24,10
12,SKU00037,2024-01-01,2024-09-29,EUR,6.97,10
12,SKU00037,2024-09-30,2025-06-29,USD,14.82,10
12,SKU00019,2024-01-01,2024-09-29,EUR,20.46,1
12,SKU00019,2024-09-30,2025-06-29,USD,22.24,50
12,SKU00030,2024-01-01,2024-06-30,EUR,33.64,1
12,SKU00030,2024-07-01,2024-12-29,USD,20.03,1
12,SKU00030,2024-12-30,2025-06-29,USD,9.99,10
12,SKU00022,2024-01-01,2024-09-29,EUR,10.94,1
12,SKU00022,2024-09-30,2025-06-29,EUR,10.88,10
12,SKU00011,2024-01-01,2024-06-30,EUR,30.96,10
12,SKU00011,2024-07-01,2024-12-29,EUR,58.81,1
12,SKU00011,2024-12-30,2025-06-29,EUR,60.51,100
12,SKU00027,2024-01-01,2024-09-29,EUR,8.5,10
12,SKU00027,2024-09-30,2025-06-29,EUR,8.77,10
12,SKU00001,2024-01-01,2024-09-29,EUR,10.99,1
12,SKU00001,2024-09-30,2025-06-29,EUR,11.39,1
12,SKU00020,2024-01-01,2024-06-30,EUR,23.8,10
12,SKU00020,2024-07-01,2024-12-29,USD,25.02,1
12,SKU00020,2024-12-30,2025-06-29,EUR,23.7,1
13,SKU00001,2024-01-01,2024-09-29,EUR,11.21,1
13,SKU00001,2024-09-30,2025-06-29,EUR,10.59,10
13,SKU00012,2024-01-01,2024-06-30,EUR,27.59,1
13,SKU00012,2024-07-01,2024-12-29,EUR,27.41,1
13,SKU00012,2024-12-30,2025-06-29,EUR,27.93,1
13,SKU00016,2024-01-01,2024-09-29,EUR,6.81,100
13,SKU00016,2024-09-30,2025-06-29,EUR,7.17,1
13,SKU00015,2024-01-01,2024-09-29,EUR,9.1,1
13,SKU00015,2024-09-30,2025-06-29,USD,9.89,1
13,SKU00011,2024-01-01,2024-09-29,EUR,60.12,1
13,SKU00011,2024-09-30,2025-06-29,EUR,60.05,1
13,SKU00002,2024-01-01,2024-06-30,USD,20.83,1
13,SKU00002,2024-07-01,2024-12-29,EUR,20.5,50
13,SKU00002,2024-12-30,2025-06-29,EUR,20.36,50
13,SKU00034,2024-01-01,2024-06-30,EUR,25.92,10
13,SKU00034,2024-07-01,2024-12-29,EUR,25.45,1
13,SKU00034,2024-12-30,2025-06-29,EUR,24.97,1
13,SKU00009,2024-01-01,2024-09-29,EUR,13.19,10
13,SKU00009,2024-09-30,2025-06-29,EUR,13.07,1
13,SKU00040,2024-01-01,2024-09-29,EUR,27.22,100
13,SKU00040,2024-09-30,2025-06-29,EUR,25.91,1
13,SKU00018,2024-01-01,2024-09-29,EUR,9.35,50
13,SKU00018,2024-09-30,2025-06-29,EUR,9.53,10
13,SKU00025,2024-01-01,2024-09-29,EUR,26.71,1
13,SKU00025,2024-09-30,2025-06-29,EUR,27.34,1
13,SKU00032,2024-01-01,2024-06-30,EUR,15.02,1
13,SKU00032,2024-07-01,2024-12-29,EUR,14.59,50
13,SKU00032,2024-12-30,2025-06-29,EUR,14.29,100
13,SKU00028,2024-01-01,2024-09-29,USD,15.71,1
13,SKU00028,2024-09-30,2025-06-29,EUR,14.5,10
13,SKU00003,2024-01-01,2024-09-29,EUR,16.58,10
13,SKU00003,2024-09-30,2025-06-29,EUR,15.65,1
13,SKU00023,2024-01-01,2024-06-30,EUR,7.33,1
13,SKU00023,2024-07-01,2024-12-29,EUR,6.86,1
13,SKU00023,2024-12-30,2025-06-29,USD,7.74,1
13,SKU00033,2024-01-01,2024-06-30,EUR,7.34,50
13,SKU00033,2024-07-01,2024-12-29,EUR,7.63,10
13,SKU00033,2024-12-30,2025-06-29,EUR,7.65,1
13,SKU00029,2024-01-01,2024-09-29,EUR,31.38,50
13,SKU00029,2024-09-30,2025-06-29,EUR,33.18,1
13,SKU00027,2024-01-01,2024-06-30,EUR,8.78,1
13,SKU00027,2024-07-01,2024-12-29,EUR,8.64,10
13,SKU00027,2024-12-30,2025-06-29,EUR,9.18,10
13,SKU00017,2024-01-01,2024-09-29,EUR,7.36,1
13,SKU00017,2024-09-30,2025-06-29,EUR,7.61,1
13,SKU00036,2024-01-01,2024-09-29,USD,7.46,50
13,SKU00036,2024-09-30,2025-06-29,EUR,7.46,1
13,SKU00013,2024-01-01,2024-06-30,EUR,17.41,1
13,SKU00013,2024-07-01,2024-12-29,EUR,16.2,50
13,SKU00013,2024-12-30,2025-06-29,EUR,17.33,1
14,SKU00036,2024-01-01,2024-06-30,USD,7.44,10
14,SKU00036,2024-07-01,2024-12-29,EUR,6.94,10
14,SKU00036,2024-12-30,2025-06-29,USD,7.66,10
14,SKU00038,2024-01-01,2024-09-29,USD,13.11,1
14,SKU00038,2024-09-30,2025-06-29,EUR,12.85,10
14,SKU00027,2024-01-01,2024-09-29,USD,9.33,1
14,SKU00027,2024-09-30,2025-06-29,EUR,8.73,1
14,SKU00026,2024-01-01,2024-06-30,EUR,9.53,50
14,SKU00026,2024-07-01,2024-12-29,EUR,9.28,1
14,SKU00026,2024-12-30,2025-06-29,USD,11.15,1
14,SKU00001,2024-01-01,2024-06-30,EUR,11.09,1
14,SKU00001,2024-07-01,2024-12-29,EUR,11.43,1
14,SKU00001,2024-12-30,2025-06-29,USD,12.3,1
14,SKU00018,2024-01-01,2024-06-30,EUR,9.27,10
14,SKU00018,2024-07-01,2024-12-29,EUR,15.01,1
14,SKU00018,2024-12-30,2025-06-29,EUR,9.81,10
14,SKU00013,2024-01-01,2024-09-29,EUR,16.85,1
14,SKU00013,2024-09-30,2025-06-29,EUR,17.51,100
14,SKU00032,2024-01-01,2024-09-29,EUR,29.24,10
14,SKU00032,2024-09-30,2025-06-29,EUR,14.46,1
14,SKU00017,2024-01-01,2024-09-29,USD,8.0,1
14,SKU00017,2024-09-30,2025-06-29,EUR,8.0,10
14,SKU00003,2024-01-01,2024-09-29,EUR,16.13,1
14,SKU00003,2024-09-30,2025-06-29,EUR,15.67,1
14,SKU00007,2024-01-01,2024-06-30,USD,9.88,50
14,SKU00007,2024-07-01,2024-12-29,EUR,9.35,10
14,SKU00007,2024-12-30,2025-06-29,USD,9.88,10
15,SKU00028,2024-01-01,2024-06-30,EUR,13.68,1
15,SKU00028,2024-07-01,2024-12-29,EUR,15.09,1
15,SKU00028,2024-12-30,2025-06-29,EUR,15.25,1
15,SKU00002,2024-01-01,2024-09-29,USD,22.69,1
15,SKU00002,2024-09-30,2025-06-29,USD,21.95,10
15,SKU00040,2024-01-01,2024-06-30,USD,29.03,1
15,SKU00040,2024-07-01,2024-12-29,EUR,26.89,10
15,SKU00040,2024-12-30,2025-06-29,EUR,27.81,1
15,SKU00001,2024-01-01,2024-06-30,EUR,10.56,10
15,SKU00001,2024-07-01,2024-12-29,EUR,5.55,50
15,SKU00001,2024-12-30,2025-06-29,USD,11.77,1
15,SKU00005,2024-01-01,2024-06-30,EUR,11.23,50
15,SKU00005,2024-07-01,2024-12-29,EUR,11.2,1
15,SKU00005,2024-12-30,2025-06-29,EUR,11.08,50
15,SKU00026,2024-01-01,2024-06-30,EUR,9.45,10
15,SKU00026,2024-07-01,2024-12-29,EUR,9.86,1
15,SKU00026,2024-12-30,2025-06-29,USD,11.08,1
15,SKU00021,2024-01-01,2024-09-29,EUR,13.11,100
15,SKU00021,2024-09-30,2025-06-29,EUR,13.37,50
15,SKU00013,2024-01-01,2024-09-29,EUR,15.77,10
15,SKU00013,2024-09-30,2025-06-29,EUR,17.62,1
15,SKU00011,2024-01-01,2024-06-30,EUR,59.39,10
15,SKU00011,2024-07-01,2024-12-29,EUR,60.7,1
15,SKU00011,2024-12-30,2025-06-29,EUR,62.64,50
15,SKU00029,2024-01-01,2024-09-29,USD,16.36,10
15,SKU00029,2024-09-30,2025-06-29,EUR,31.37,1
15,SKU00015,2024-01-01,2024-06-30,EUR,8.73,1
15,SKU00015,2024-07-01,2024-12-29,USD,9.76,1
15,SKU00015,2024-12-30,2025-06-29,EUR,9.64,50
15,SKU00007,2024-01-01,2024-09-29,EUR,9.0,10
15,SKU00007,2024-09-30,2025-06-29,EUR,8.69,50
15,SKU00004,2024-01-01,2024-09-29,EUR,11.11,10
15,SKU00004,2024-09-30,2025-06-29,EUR,12.18,1
15,SKU00012,2024-01-01,2024-06-30,EUR,27.5,10
15,SKU00012,2024-07-01,2024-12-29,EUR,28.82,50
15,SKU00012,2024-12-30,2025-06-29,EUR,26.71,10
15,SKU00009,2024-01-01,2024-06-30,USD,13.8,1
15,SKU00009,2024-07-01,2024-12-29,USD,15.0,10
15,SKU00009,2024-12-30,2025-06-29,EUR,26.48,1
15,SKU00018,2024-01-01,2024-06-30,EUR,9.96,1
15,SKU00018,2024-07-01,2024-12-29,EUR,10.02,10
15,SKU00018,2024-12-30,2025-06-29,USD,11.02,1
15,SKU00010,2024-01-01,2024-06-30,EUR,18.08,1
15,SKU00010,2024-07-01,2024-12-29,EUR,17.8,10
15,SKU00010,2024-12-30,2025-06-29,EUR,19.26,10
15,SKU00003,2024-01-01,2024-09-29,USD,18.09,10
15,SKU00003,2024-09-30,2025-06-29,EUR,16.19,1
15,SKU00033,2024-01-01,2024-06-30,USD,7.9,10
15,SKU00033,2024-07-01,2024-12-29,EUR,7.25,10
15,SKU00033,2024-12-30,2025-06-29,EUR,7.28,50
15,SKU00038,2024-01-01,2024-09-29,EUR,11.9,1
15,SKU00038,2024-09-30,2025-06-29,EUR,12.7,1
16,SKU00014,2024-01-01,2024-09-29,EUR,22.21,100
16,SKU00014,2024-09-30,2025-06-29,USD,50.02,1
16,SKU00008,2024-01-01,2024-06-30,EUR,13.22,1
16,SKU00008,2024-07-01,2024-12-29,EUR,14.59,1
16,SKU00008,2024-12-30,2025-06-29,EUR,14.0,1
16,SKU00029,2024-01-01,2024-09-29,USD,32.99,1
16,SKU00029,2024-09-30,2025-06-29,EUR,31.66,1
16,SKU00016,2024-01-01,2024-09-29,EUR,7.07,1
16,SKU00016,2024-09-30,2025-06-29,EUR,6.95,1
16,SKU00034,2024-01-01,2024-06-30,EUR,26.24,100
16,SKU00034,2024-07-01,2024-12-29,EUR,25.5,1
16,SKU00034,2024-12-30,2025-06-29,USD,27.69,1
16,SKU00020,2024-01-01,2024-06-30,EUR,23.95,1
16,SKU00020,2024-07-01,2024-12-29,EUR,23.67,1
16,SKU00020,2024-12-30,2025-06-29,EUR,24.92,1
16,SKU00006,2024-01-01,2024-09-29,USD,26.27,1
16,SKU00006,2024-09-30,2025-06-29,EUR,25.15,10
16,SKU00009,2024-01-01,2024-06-30,EUR,27.16,1
16,SKU00009,2024-07-01,2024-12-29,EUR,13.93,10
16,SKU00009,2024-12-30,2025-06-29,USD,14.51,10
16,SKU00018,2024-01-01,2024-06-30,EUR,9.97,1
16,SKU00018,2024-07-01,2024-12-29,EUR,9.87,1
16,SKU00018,2024-12-30,2025-06-29,EUR,9.5,1
16,SKU00017,2024-01-01,2024-09-29,EUR,7.25,1
16,SKU00017,2024-09-30,2025-06-29,USD,8.05,50
16,SKU00033,2024-01-01,2024-06-30,EUR,7.33,10
16,SKU00033,2024-07-01,2024-12-29,EUR,7.46,1
16,SKU00033,2024-12-30,2025-06-29,EUR,7.63,1
16,SKU00012,2024-01-01,2024-06-30,USD,29.77,1
16,SKU00012,2024-07-01,2024-12-29,USD,30.73,1
16,SKU00012,2024-12-30,2025-06-29,EUR,27.95,1
16,SKU00010,2024-01-01,2024-06-30,EUR,18.63,100
16,SKU00010,2024-07-01,2024-12-29,EUR,17.63,10
16,SKU00010,2024-12-30,2025-06-29,EUR,18.42,1
16,SKU00013,2024-01-01,2024-06-30,EUR,16.2,100
16,SKU00013,2024-07-01,2024-12-29,EUR,16.46,10
16,SKU00013,2024-12-30,2025-06-29,EUR,18.01,50
16,SKU00038,2024-01-01,2024-06-30,EUR,12.05,10
16,SKU00038,2024-07-01,2024-12-29,EUR,12.65,10
16,SKU00038,2024-12-30,2025-06-29,EUR,12.54,100
16,SKU00021,2024-01-01,2024-06-30,USD,14.19,1
16,SKU00021,2024-07-01,2024-12-29,EUR,13.01,1
16,SKU00021,2024-12-30,2025-06-29,EUR,14.14,1
16,SKU00036,2024-01-01,2024-09-29,USD,8.02,10
16,SKU00036,2024-09-30,2025-06-29,EUR,7.47,1
16,SKU00019,2024-01-01,2024-09-29,EUR,19.71,1
16,SKU00019,2024-09-30,2025-06-29,EUR,20.69,1
17,SKU00004,2024-01-01,2024-06-30,EUR,11.62,10
17,SKU00004,2024-07-01,2024-12-29,USD,12.3,1
17,SKU00004,2024-12-30,2025-06-29,EUR,11.9,10
17,SKU00018,2024-01-01,2024-09-29,EUR,9.17,1
17,SKU00018,2024-09-30,2025-06-29,USD,10.88,10
17,SKU00009,2024-01-01,2024-06-30,EUR,13.34,1
17,SKU00009,2024-07-01,2024-12-29,EUR,13.91,1
17,SKU00009,2024-12-30,2025-06-29,EUR,13.5,10
17,SKU00020,2024-01-01,2024-06-30,EUR,22.16,1
17,SKU00020,2024-07-01,2024-12-29,EUR,22.47,1
17,SKU00020,2024-12-30,2025-06-29,EUR,23.58,1
17,SKU00012,2024-01-01,2024-09-29,EUR,13.97,1
17,SKU00012,2024-09-30,2025-06-29,EUR,28.23,1
17,SKU00021,2024-01-01,2024-06-30,EUR,13.23,10
17,SKU00021,2024-07-01,2024-12-29,EUR,13.43,50
17,SKU00021,2024-12-30,2025-06-29,USD,15.11,1
17,SKU00001,2024-01-01,2024-06-30,EUR,11.36,10
17,SKU00001,2024-07-01,2024-12-29,EUR,11.07,10
17,SKU00001,2024-12-30,2025-06-29,EUR,5.76,1
17,SKU00027,2024-01-01,2024-09-29,EUR,9.05,100
17,SKU00027,2024-09-30,2025-06-29,USD,10.11,10
17,SKU00005,2024-01-01,2024-06-30,EUR,10.8,10
17,SKU00005,2024-07-01,2024-12-29,EUR,11.4,1
17,SKU00005,2024-12-30,2025-06-29,EUR,11.98,1
17,SKU00022,2024-01-01,2024-06-30,EUR,10.84,1
17,SKU00022,2024-07-01,2024-12-29,EUR,10.96,10
17,SKU00022,2024-12-30,2025-06-29,USD,19.58,50
17,SKU00025,2024-01-01,2024-06-30,EUR,26.07,1
17,SKU00025,2024-07-01,2024-12-29,EUR,45.47,10
17,SKU00025,2024-12-30,2025-06-29,EUR,28.21,1
17,SKU00011,2024-01-01,2024-06-30,EUR,60.6,1
17,SKU00011,2024-07-01,2024-12-29,EUR,61.77,10
17,SKU00011,2024-12-30,2025-06-29,USD,65.63,1
17,SKU00026,2024-01-01,2024-06-30,EUR,9.37,1
17,SKU00026,2024-07-01,2024-12-29,EUR,9.71,10
17,SKU00026,2024-12-30,2025-06-29,EUR,9.4,1
17,SKU00030,2024-01-01,2024-09-29,EUR,16.77,1
17,SKU00030,2024-09-30,2025-06-29,EUR,17.96,1
17,SKU00038,2024-01-01,2024-06-30,EUR,12.13,1
17,SKU00038,2024-07-01,2024-12-29,EUR,12.83,10
17,SKU00038,2024-12-30,2025-06-29,EUR,12.27,10
17,SKU00035,2024-01-01,2024-09-29,USD,12.44,1
17,SKU00035,2024-09-30,2025-06-29,EUR,11.06,10
17,SKU00031,2024-01-01,2024-09-29,EUR,11.73,1
17,SKU00031,2024-09-30,2025-06-29,EUR,12.18,1
17,SKU00039,2024-01-01,2024-06-30,EUR,9.41,1
17,SKU00039,2024-07-01,2024-12-29,EUR,19.11,100
17,SKU00039,2024-12-30,2025-06-29,EUR,20.57,50
17,SKU00007,2024-01-01,2024-06-30,EUR,9.18,1
17,SKU00007,2024-07-01,2024-12-29,EUR,9.02,1
17,SKU00007,2024-12-30,2025-06-29,EUR,9.03,1
17,SKU00029,2024-01-01,2024-09-29,EUR,32.21,1
17,SKU00029,2024-09-30,2025-06-29,USD,36.54,10
17,SKU00015,2024-01-01,2024-09-29,EUR,9.42,100
17,SKU00015,2024-09-30,2025-06-29,EUR,8.77,1
17,SKU00037,2024-01-01,2024-06-30,EUR,12.97,10
17,SKU00037,2024-07-01,2024-12-29,EUR,14.03,1
17,SKU00037,2024-12-30,2025-06-29,EUR,14.35,1
17,SKU00024,2024-01-01,2024-09-29,EUR,26.24,1
17,SKU00024,2024-09-30,2025-06-29,EUR,27.4,1
18,SKU00035,2024-01-01,2024-09-29,EUR,11.55,1
18,SKU00035,2024-09-30,2025-06-29,EUR,12.14,1
18,SKU00034,2024-01-01,2024-09-29,USD,27.2,1
18,SKU00034,2024-09-30,2025-06-29,EUR,24.83,1
18,SKU00040,2024-01-01,2024-09-29,EUR,27.42,1
18,SKU00040,2024-09-30,2025-06-29,EUR,27.62,100
18,SKU00009,2024-01-01,2024-09-29,EUR,13.89,50
18,SKU00009,2024-09-30,2025-06-29,EUR,13.91,1
18,SKU00017,2024-01-01,2024-06-30,EUR,3.78,100
18,SKU00017,2024-07-01,2024-12-29,USD,8.66,10
18,SKU00017,2024-12-30,2025-06-29,EUR,8.16,1
18,SKU00004,2024-01-01,2024-09-29,USD,12.6,1
18,SKU00004,2024-09-30,2025-06-29,EUR,12.09,1
18,SKU00007,2024-01-01,2024-06-30,EUR,9.21,1
18,SKU00007,2024-07-01,2024-12-29,USD,4.92,1
18,SKU00007,2024-12-30,2025-06-29,EUR,9.66,100
18,SKU00023,2024-01-01,2024-06-30,EUR,7.32,1
18,SKU00023,2024-07-01,2024-12-29,EUR,7.13,1
18,SKU00023,2024-12-30,2025-06-29,EUR,6.94,1
18,SKU00002,2024-01-01,2024-09-29,EUR,19.61,100
18,SKU00002,2024-09-30,2025-06-29,EUR,20.23,1
18,SKU00037,2024-01-01,2024-06-30,USD,15.09,50
18,SKU00037,2024-07-01,2024-12-29,EUR,14.3,10
18,SKU00037,2024-12-30,2025-06-29,EUR,14.27,100
18,SKU00001,2024-01-01,2024-06-30,EUR,10.48,1
18,SKU00001,2024-07-01,2024-12-29,EUR,11.0,1
18,SKU00001,2024-12-30,2025-06-29,EUR,11.21,10
18,SKU00036,2024-01-01,2024-06-30,EUR,6.8,50
18,SKU00036,2024-07-01,2024-12-29,EUR,7.44,10
18,SKU00036,2024-12-30,2025-06-29,USD,8.25,1
18,SKU00016,2024-01-01,2024-09-29,EUR,6.54,1
18,SKU00016,2024-09-30,2025-06-29,EUR,6.94,10
18,SKU00012,2024-01-01,2024-09-29,EUR,26.66,50
18,SKU00012,2024-09-30,2025-06-29,EUR,27.46,10
18,SKU00008,2024-01-01,2024-09-29,EUR,13.1,10
18,SKU00008,2024-09-30,2025-06-29,USD,15.03,1
18,SKU00019,2024-01-01,2024-09-29,EUR,19.84,1
18,SKU00019,2024-09-30,2025-06-29,EUR,21.18,1
19,SKU00017,2024-01-01,2024-09-29,EUR,15.5,10
19,SKU00017,2024-09-30,2025-06-29,USD,8.51,1
19,SKU00002,2024-01-01,2024-09-29,EUR,39.18,1
19,SKU00002,2024-09-30,2025-06-29,EUR,20.9,1
19,SKU00033,2024-01-01,2024-06-30,EUR,7.33,1
19,SKU00033,2024-07-01,2024-12-29,USD,8.49,10
19,SKU00033,2024-12-30,2025-06-29,EUR,7.78,50
19,SKU00029,2024-01-01,2024-09-29,EUR,32.04,50
19,SKU00029,2024-09-30,2025-06-29,USD,34.15,1
19,SKU00034,2024-01-01,2024-09-29,EUR,24.67,100
19,SKU00034,2024-09-30,2025-06-29,EUR,26.47,10
19,SKU00001,2024-01-01,2024-09-29,USD,11.91,1
19,SKU00001,2024-09-30,2025-06-29,EUR,10.94,10
19,SKU00024,2024-01-01,2024-06-30,EUR,26.39,1
19,SKU00024,2024-07-01,2024-12-29,EUR,43.52,10
19,SKU00024,2024-12-30,2025-06-29,EUR,28.08,1
19,SKU00038,2024-01-01,2024-09-29,USD,13.37,1
19,SKU00038,2024-09-30,2025-06-29,EUR,12.83,1
19,SKU00035,2024-01-01,2024-06-30,USD,25.38,1
19,SKU00035,2024-07-01,2024-12-29,EUR,11.97,1
19,SKU00035,2024-12-30,2025-06-29,USD,12.44,1
19,SKU00036,2024-01-01,2024-06-30,EUR,6.92,50
19,SKU00036,2024-07-01,2024-12-29,EUR,7.32,1
19,SKU00036,2024-12-30,2025-06-29,EUR,7.42,10
19,SKU00008,2024-01-01,2024-06-30,EUR,14.28,10
19,SKU00008,2024-07-01,2024-12-29,EUR,13.37,1
19,SKU00008,2024-12-30,2025-06-29,EUR,13.99,10
19,SKU00039,2024-01-01,2024-06-30,EUR,18.8,1
19,SKU00039,2024-07-01,2024-12-29,EUR,18.66,1
19,SKU00039,2024-12-30,2025-06-29,EUR,19.75,1
19,SKU00026,2024-01-01,2024-06-30,EUR,9.08,50
19,SKU00026,2024-07-01,2024-12-29,EUR,4.92,10
19,SKU00026,2024-12-30,2025-06-29,EUR,9.58,10
19,SKU00030,2024-01-01,2024-09-29,EUR,16.92,1
19,SKU00030,2024-09-30,2025-06-29,USD,19.46,1
19,SKU00025,2024-01-01,2024-06-30,EUR,26.89,100
19,SKU00025,2024-07-01,2024-12-29,EUR,26.32,10
19,SKU00025,2024-12-30,2025-06-29,EUR,28.48,1
19,SKU00011,2024-01-01,2024-06-30,EUR,59.08,1
19,SKU00011,2024-07-01,2024-12-29,EUR,60.78,1
19,SKU00011,2024-12-30,2025-06-29,USD,68.73,10
19,SKU00027,2024-01-01,2024-06-30,EUR,8.49,100
19,SKU00027,2024-07-01,2024-12-29,EUR,8.85,1
19,SKU00027,2024-12-30,2025-06-29,EUR,9.33,1
19,SKU00014,2024-01-01,2024-09-29,USD,23.98,1
19,SKU00014,2024-09-30,2025-06-29,EUR,24.0,10
19,SKU00016,2024-01-01,2024-06-30,EUR,6.61,1
19,SKU00016,2024-07-01,2024-12-29,USD,7.77,1
19,SKU00016,2024-12-30,2025-06-29,USD,7.38,10
19,SKU00023,2024-01-01,2024-06-30,EUR,7.27,1
19,SKU00023,2024-07-01,2024-12-29,EUR,7.28,1
19,SKU00023,2024-12-30,2025-06-29,EUR,6.93,1
19,SKU00018,2024-01-01,2024-09-29,USD,10.39,1
19,SKU00018,2024-09-30,2025-06-29,EUR,10.1,10
19,SKU00013,2024-01-01,2024-06-30,EUR,17.39,1
19,SKU00013,2024-07-01,2024-12-29,EUR,16.82,10
19,SKU00013,2024-12-30,2025-06-29,EUR,17.98,1
19,SKU00005,2024-01-01,2024-06-30,EUR,10.95,1
19,SKU00005,2024-07-01,2024-12-29,EUR,11.34,10
19,SKU00005,2024-12-30,2025-06-29,EUR,11.17,1
20,SKU00028,2024-01-01,2024-06-30,USD,15.41,10
20,SKU00028,2024-07-01,2024-12-29,EUR,15.04,10
20,SKU00028,2024-12-30,2025-06-29,EUR,14.53,1
20,SKU00002,2024-01-01,2024-09-29,EUR,19.94,50
20,SKU00002,2024-09-30,2025-06-29,USD,21.33,1
20,SKU00022,2024-01-01,2024-06-30,EUR,10.83,1
20,SKU00022,2024-07-01,2024-12-29,EUR,11.11,1
20,SKU00022,2024-12-30,2025-06-29,EUR,11.81,10
20,SKU00029,2024-01-01,2024-06-30,EUR,31.15,1
20,SKU00029,2024-07-01,2024-12-29,EUR,30.97,1
20,SKU00029,2024-12-30,2025-06-29,EUR,31.66,50
20,SKU00021,2024-01-01,2024-06-30,EUR,13.84,1
20,SKU00021,2024-07-01,2024-12-29,EUR,13.4,1
20,SKU00021,2024-12-30,2025-06-29,EUR,13.98,1
20,SKU00012,2024-01-01,2024-09-29,USD,29.03,10
20,SKU00012,2024-09-30,2025-06-29,USD,29.47,100
20,SKU00026,2024-01-01,2024-09-29,EUR,9.34,1
20,SKU00026,2024-09-30,2025-06-29,USD,11.03,1
20,SKU00037,2024-01-01,2024-09-29,EUR,13.24,1
20,SKU00037,2024-09-30,2025-06-29,USD,14.42,10
20,SKU00009,2024-01-01,2024-09-29,USD,14.95,10
20,SKU00009,2024-09-30,2025-06-29,EUR,13.45,1
20,SKU00017,2024-01-01,2024-06-30,EUR,7.72,10
20,SKU00017,2024-07-01,2024-12-29,EUR,7.53,1
20,SKU00017,2024-12-30,2025-06-29,EUR,7.5,10
20,SKU00024,2024-01-01,2024-09-29,EUR,25.83,1
20,SKU00024,2024-09-30,2025-06-29,EUR,25.04,50
20,SKU00020,2024-01-01,2024-09-29,EUR,22.59,1
20,SKU00020,2024-09-30,2025-06-29,EUR,23.0,10
